{"status":"ok","bidder_status":[{"bidder":"colossus","no_cookie":true,"usersync":{"url":"https://sync.colossusssp.com/pbs.gif?gdpr=&gdpr_consent=&us_privacy=1---&redir=https%3A%2F%2Fprebid-server.rubiconproject.com%2Fsetuid%3Fbidder%3Dcolossus%26gdpr%3D%26gdpr_consent%3D%26us_privacy%3D1---%26gpp%3D%26gpp_sid%3D%26account%3D%26f%3Di%26uid%3D%5BUID%5D","type":"redirect","supportCORS":false}},{"bidder":"gumgum","no_cookie":true,"usersync":{"url":"https://rtb.gumgum.com/usync/prbds2s?gdpr=&gdpr_consent=&us_privacy=1---&r=https%3A%2F%2Fprebid-server.rubiconproject.com%2Fsetuid%3Fbidder%3Dgumgum%26gdpr%3D%26gdpr_consent%3D%26us_privacy%3D1---%26gpp%3D%26gpp_sid%3D%26account%3D%26f%3Db%26uid%3D","type":"iframe","supportCORS":false}},{"bidder":"onetag","no_cookie":true,"usersync":{"url":"https://onetag-sys.com/usync/?redir=https%3A%2F%2Fprebid-server.rubiconproject.com%2Fsetuid%3Fbidder%3Donetag%26gdpr%3D%26gdpr_consent%3D%26us_privacy%3D1---%26gpp%3D%26gpp_sid%3D%26account%3D%26f%3Db%26uid%3D%24%7BUSER_TOKEN%7D&gdpr=&gdpr_consent=&us_privacy=1---","type":"iframe","supportCORS":false}},{"bidder":"tappx","no_cookie":true,"usersync":{"url":"https://ssp.api.tappx.com/cs/usersync.php?gdpr_optin=&gdpr_consent=&us_privacy=1---&type=iframe&ruid=https%3A%2F%2Fprebid-server.rubiconproject.com%2Fsetuid%3Fbidder%3Dtappx%26gdpr%3D%26gdpr_consent%3D%26us_privacy%3D1---%26gpp%3D%26gpp_sid%3D%26account%3D%26f%3Db%26uid%3D%7B%7BTPPXUID%7D%7D","type":"iframe","supportCORS":false}},{"bidder":"ucfunnel","no_cookie":true,"usersync":{"url":"https://sync.aralego.com/idsync?gdpr=}&gdpr_consent=&usprivacy=1---&redirect=https%3A%2F%2Fprebid-server.rubiconproject.com%2Fsetuid%3Fbidder%3Ducfunnel%26gdpr%3D%26gdpr_consent%3D%26us_privacy%3D1---%26gpp%3D%26gpp_sid%3D%26account%3D%26f%3Di%26uid%3DSspCookieUserId","type":"redirect","supportCORS":false}}]}