{"ad":{},"pxs":{"scr":[{"u":"https://id5-sync.com/s/441/9.gif?puid=a_4ae72679-515d-4118-82c5-d332ef64102c&gdpr=0&gdpr_consent=","t":"i","i":false}]},"dmppxs":{"qac":"p-00TsOkvHvnsZU","quantcast":true,"labels":"Lifestyles.g95nznmj.*_pinchofyum_com"},"pag":{"t":"g95nznmj","pu":"https://pinchofyum.com/","pvid":"051b59eb-3691-4460-bd3a-a07320042c8c","js":"/* SUP-2272 and SUP-3677 */\n(function () {\n      if ( typeof win.CustomEvent === \"function\" ) return false;\n      function CustomEvent ( event, params ) {\n        params = params || { bubbles: false, cancelable: false, detail: null };\n        var evt = document.createEvent( 'CustomEvent' );\n        evt.initCustomEvent( event, params.bubbles, params.cancelable, params.detail );\n        return evt;\n      }\n    win.CustomEvent = CustomEvent;\n})();\nwin.ggevents.push({'inscreen.load': function (data) {\n    document.body.dispatchEvent(new CustomEvent('gumgum-inscreen-load'));\n    document.querySelector('.adthrive-sticky.adthrive-footer').setAttribute('style', 'visibility: hidden !important;');\n    \n}});\nwin.ggevents.push({'inscreen.close': function (data) {\n    if(data.userRequested) {\n        document.body.dispatchEvent(new CustomEvent('gumgum-inscreen-close'));\n        G.Bean.fire(G.container, 'closedISAd');\n    }\n     document.querySelector('.adthrive-sticky.adthrive-footer').setAttribute('style', 'visibility: visible !important;');\n}});\ngoogletag.pubads().addEventListener('slotRequested', function(event) {\n if(event.slot.getAdUnitPath().includes('Footer')){\n\t\tif(GUMGUM && GUMGUM.isad) {\n\t\t\tGUMGUM.removeISAd();\n\t\t}\n\t}\n});","mobile":true},"jcsi":{"t":0,"rq":8},"meta":{},"thms":30000}