{"status":"ok","account_id":9262,"site_id":180726,"zone_id":881416,"size_id":1,"alt_size_ids":[43,44,221],"tracking":"","inventory":{"vp":"0","verticals":"Food","refresh":"false","site_id":"5531445f4f3ba0833a7842a4","privacypolicy":"1","pos":"atf","pmp_elig":"true","page":"https:\/\/pinchofyum.com\/","mobile":"1","mcmp":"HOME,iabc_210,BA_WSKW20","pagecat":"IAB8","pbadslot":"%2F18190176%2FAdThrive_Footer_1%2F5531445f4f3ba0833a7842a4","iab":"210","sens":"alc,conl,drg,gamv","domain":"pinchofyum.com","site_code":"A1844_Desk_45,A1849_Desk_60,A1849_Phone_60,A1854_Desk_58,A1854_Phone_58,A2144_Desk_41,A2144_Desk_47,A2144_Phone_41,A2144_Phone_47,A2544_Desk_49,A2544_Phone_49,A2549_Desk_49,A2549_Phone_49,A2554_Desk_58,A2554_Phone_58,ABNB_2021,ABNBT_2021,AFFD_2022,AFOI_2020,ALBRT_2021,ALC_072019,ARMF_2023,ARTD_2022,ASDO_2022,ATT_2020,ATZN_2020,AXMFD_22,BRLA_2020,BUSCH_112019,CDRM_2023,CEAF_2020,CNCRT_23,CNST_2021,CS_A2534,DCOI_2023,DSVR_2021,EXCLAA_19,EXFP_2020,EXHFCE_2021,F1849_Desk_46,F1849_Desk_51,F1849_Desk_N30,F1849_Phone_46,F1849_Phone_51,F1849_Phone_N30,F2544_Desk_36,F2544_Phone_36,F2549_Desk_37,F2549_Phone_37,F2549_Phone_45,F2554_Desk_25,F2554_Desk_40,F2554_Desk_50,F2554_Phone_40,F2554_Phone_50,F2599_Desk_50,F2599_Phone_50,F3554_Desk_35,F3554_Phone_35,FBSPA_2021,FDNV_2020,FDNW_2021,FMLO_2021,FNVO_2021,FSHOP_2023,GENZW_22,GLDM_2021,GL_F1849_Desk,GLU_2023,HISPW_2023,HRSH_2021,HRSHW_2022,HUSA_2023,ILAFOI_2023,ILAUD_2023,ILGAM_2022,KASA_2021,KASAE_2021,KHLS_Desk_2019,KHLS_Phone_2019,M4554K_2021,MARS_2020,MCYL_2023,MFOOD_2022,MIQWO_2022,MKU3_22,MOG_2023,MOM35_2021,MOMS_2020,MSFTW_2021,MSPWL_2021,NROI_2022,NSTLE_22,OHAC_2022,OMGWL_2022,PB35_2021,PPUZZ_2023,RDST_2020,SAFD_2020,SF_RN_122019,SFWL_2021,TGAF_2021,TRGT_022020,TRST_2023,TRU_2023,TRVLOI_2023,TYA_2023,TYS_062019,TYTA_22,UNI_DSK_HV,UNI_TAB_HV,VDXTV_2021,VITFM_21,VZVD_2020,W1849_2023,W18OI_2023,WLMT_2019,WPSL_23,XUNI_2020,ZGMM_2022","cat":"IAB8"},"ads":[{"status":"no-ads","reason":"no-compatible-ads","error_code":"62","impression_id":"43f6f57f-05eb-49f2-b7e6-6236336564eb"}]}